<?xml version="1.0" encoding="UTF-8"?>
<project-private xmlns="http://www.netbeans.org/ns/project-private/1">
    <editor-bookmarks xmlns="http://www.netbeans.org/ns/editor-bookmarks/2" lastBookmarkId="0"/>
    <open-files xmlns="http://www.netbeans.org/ns/projectui-open-files/2">
        <group>
            <file>file:/E:/hotel%20management/public_html/overview.html</file>
            <file>file:/E:/hotel%20management/public_html/css/login.css</file>
            <file>file:/E:/hotel%20management/public_html/res.html</file>
            <file>file:/E:/hotel%20management/public_html/css/res.css</file>
            <file>file:/E:/hotel%20management/public_html/js/dhtmlxCalendar.js</file>
            <file>file:/E:/hotel%20management/public_html/payment.html</file>
            <file>file:/E:/hotel%20management/public_html/css/cal.css</file>
            <file>file:/E:/hotel%20management/public_html/css/book.css</file>
            <file>file:/E:/hotel%20management/public_html/css/overview.css</file>
            <file>file:/E:/hotel%20management/public_html/css/payment.css</file>
            <file>file:/E:/hotel%20management/public_html/login.html</file>
            <file>file:/E:/hotel%20management/public_html/css/index.css</file>
            <file>file:/E:/hotel%20management/public_html/book.html</file>
            <file>file:/E:/hotel%20management/public_html/index.html</file>
        </group>
    </open-files>
</project-private>
